Unnamed: 0,filename,blob_type
537,Blob_Dataset/1/168.jpg,1
632,Blob_Dataset/2/218.jpg,2
1043,Blob_Dataset/0/352.jpg,0
551,Blob_Dataset/2/194.jpg,2
15,Blob_Dataset/0/5.jpg,0
901,Blob_Dataset/1/283.jpg,1
461,Blob_Dataset/1/145.jpg,1
789,Blob_Dataset/2/273.jpg,2
413,Blob_Dataset/1/128.jpg,1
133,Blob_Dataset/1/35.jpg,1
678,Blob_Dataset/2/235.jpg,2
510,Blob_Dataset/1/157.jpg,1
1139,Blob_Dataset/0/389.jpg,0
52,Blob_Dataset/1/17.jpg,1
757,Blob_Dataset/1/234.jpg,1
367,Blob_Dataset/1/112.jpg,1
86,Blob_Dataset/0/33.jpg,0
303,Blob_Dataset/1/90.jpg,1
23,Blob_Dataset/2/7.jpg,2
151,Blob_Dataset/0/47.jpg,0
1422,Blob_Dataset/0/479.jpg,0
902,Blob_Dataset/1/284.jpg,1
46,Blob_Dataset/2/17.jpg,2
1320,Blob_Dataset/0/448.jpg,0
1340,Blob_Dataset/0/453.jpg,0
1059,Blob_Dataset/1/340.jpg,1
862,Blob_Dataset/1/268.jpg,1
1452,Blob_Dataset/1/482.jpg,1
61,Blob_Dataset/2/20.jpg,2
1231,Blob_Dataset/0/425.jpg,0
82,Blob_Dataset/2/28.jpg,2
742,Blob_Dataset/0/256.jpg,0
166,Blob_Dataset/2/65.jpg,2
1245,Blob_Dataset/2/415.jpg,2
220,Blob_Dataset/1/64.jpg,1
853,Blob_Dataset/1/264.jpg,1
643,Blob_Dataset/2/223.jpg,2
1199,Blob_Dataset/0/412.jpg,0
64,Blob_Dataset/2/22.jpg,2
1250,Blob_Dataset/0/429.jpg,0
1188,Blob_Dataset/1/382.jpg,1
585,Blob_Dataset/2/205.jpg,2
1495,Blob_Dataset/2/494.jpg,2
1172,Blob_Dataset/2/394.jpg,2
1074,Blob_Dataset/0/366.jpg,0
123,Blob_Dataset/0/42.jpg,0
258,Blob_Dataset/0/90.jpg,0
1271,Blob_Dataset/0/433.jpg,0
459,Blob_Dataset/1/143.jpg,1
1239,Blob_Dataset/1/398.jpg,1
1163,Blob_Dataset/2/390.jpg,2
88,Blob_Dataset/0/34.jpg,0
342,Blob_Dataset/1/103.jpg,1
860,Blob_Dataset/2/294.jpg,2
454,Blob_Dataset/1/140.jpg,1
436,Blob_Dataset/2/155.jpg,2
1430,Blob_Dataset/2/476.jpg,2
555,Blob_Dataset/2/196.jpg,2
951,Blob_Dataset/2/322.jpg,2
393,Blob_Dataset/1/118.jpg,1
1442,Blob_Dataset/1/476.jpg,1
324,Blob_Dataset/1/100.jpg,1
149,Blob_Dataset/2/57.jpg,2
1128,Blob_Dataset/2/382.jpg,2
317,Blob_Dataset/2/110.jpg,2
154,Blob_Dataset/0/48.jpg,0
275,Blob_Dataset/0/97.jpg,0
831,Blob_Dataset/1/258.jpg,1
1361,Blob_Dataset/1/444.jpg,1
1461,Blob_Dataset/2/482.jpg,2
1222,Blob_Dataset/2/409.jpg,2
625,Blob_Dataset/0/212.jpg,0
1380,Blob_Dataset/2/462.jpg,2
1366,Blob_Dataset/0/462.jpg,0
738,Blob_Dataset/2/253.jpg,2
211,Blob_Dataset/1/62.jpg,1
658,Blob_Dataset/2/229.jpg,2
1226,Blob_Dataset/1/391.jpg,1
1035,Blob_Dataset/2/352.jpg,2
1085,Blob_Dataset/2/367.jpg,2
1332,Blob_Dataset/1/431.jpg,1
372,Blob_Dataset/2/130.jpg,2
1125,Blob_Dataset/1/360.jpg,1
686,Blob_Dataset/0/232.jpg,0
595,Blob_Dataset/0/201.jpg,0
1012,Blob_Dataset/0/342.jpg,0
1075,Blob_Dataset/0/367.jpg,0
1443,Blob_Dataset/1/477.jpg,1
178,Blob_Dataset/1/50.jpg,1
1470,Blob_Dataset/2/485.jpg,2
996,Blob_Dataset/1/319.jpg,1
287,Blob_Dataset/0/102.jpg,0
692,Blob_Dataset/0/234.jpg,0
420,Blob_Dataset/0/142.jpg,0
944,Blob_Dataset/1/299.jpg,1
182,Blob_Dataset/0/60.jpg,0
925,Blob_Dataset/1/295.jpg,1
810,Blob_Dataset/2/278.jpg,2
480,Blob_Dataset/1/150.jpg,1
340,Blob_Dataset/2/118.jpg,2
382,Blob_Dataset/1/116.jpg,1
424,Blob_Dataset/2/148.jpg,2
172,Blob_Dataset/2/67.jpg,2
1407,Blob_Dataset/2/469.jpg,2
1293,Blob_Dataset/0/440.jpg,0
1082,Blob_Dataset/2/366.jpg,2
73,Blob_Dataset/0/27.jpg,0
1265,Blob_Dataset/1/407.jpg,1
140,Blob_Dataset/2/54.jpg,2
563,Blob_Dataset/1/176.jpg,1
1357,Blob_Dataset/1/443.jpg,1
513,Blob_Dataset/0/176.jpg,0
791,Blob_Dataset/0/271.jpg,0
1215,Blob_Dataset/0/418.jpg,0
79,Blob_Dataset/0/31.jpg,0
375,Blob_Dataset/2/132.jpg,2
580,Blob_Dataset/1/182.jpg,1
868,Blob_Dataset/2/296.jpg,2
72,Blob_Dataset/0/26.jpg,0
1042,Blob_Dataset/1/334.jpg,1
801,Blob_Dataset/0/276.jpg,0
449,Blob_Dataset/0/151.jpg,0
128,Blob_Dataset/2/49.jpg,2
1196,Blob_Dataset/2/401.jpg,2
695,Blob_Dataset/0/235.jpg,0
1275,Blob_Dataset/1/410.jpg,1
1161,Blob_Dataset/0/399.jpg,0
19,Blob_Dataset/2/5.jpg,2
662,Blob_Dataset/0/226.jpg,0
327,Blob_Dataset/0/113.jpg,0
3,Blob_Dataset/0/1.jpg,0
1052,Blob_Dataset/0/355.jpg,0
153,Blob_Dataset/2/60.jpg,2
1070,Blob_Dataset/0/363.jpg,0
1290,Blob_Dataset/1/416.jpg,1
1474,Blob_Dataset/0/499.jpg,0
1343,Blob_Dataset/1/436.jpg,1
558,Blob_Dataset/1/174.jpg,1
851,Blob_Dataset/2/291.jpg,2
163,Blob_Dataset/1/45.jpg,1
730,Blob_Dataset/0/252.jpg,0
673,Blob_Dataset/1/210.jpg,1
294,Blob_Dataset/1/88.jpg,1
453,Blob_Dataset/0/153.jpg,0
505,Blob_Dataset/2/176.jpg,2
265,Blob_Dataset/0/93.jpg,0
106,Blob_Dataset/0/38.jpg,0
110,Blob_Dataset/2/40.jpg,2
492,Blob_Dataset/2/172.jpg,2
541,Blob_Dataset/2/189.jpg,2
590,Blob_Dataset/1/184.jpg,1
734,Blob_Dataset/0/254.jpg,0
529,Blob_Dataset/0/179.jpg,0
1311,Blob_Dataset/2/440.jpg,2
434,Blob_Dataset/2/154.jpg,2
222,Blob_Dataset/0/74.jpg,0
971,Blob_Dataset/1/310.jpg,1
357,Blob_Dataset/2/126.jpg,2
1093,Blob_Dataset/2/371.jpg,2
1286,Blob_Dataset/2/433.jpg,2
99,Blob_Dataset/0/37.jpg,0
874,Blob_Dataset/2/298.jpg,2
344,Blob_Dataset/2/119.jpg,2
1221,Blob_Dataset/0/422.jpg,0
1262,Blob_Dataset/1/406.jpg,1
819,Blob_Dataset/0/284.jpg,0
1165,Blob_Dataset/1/372.jpg,1
830,Blob_Dataset/1/257.jpg,1
37,Blob_Dataset/1/12.jpg,1
325,Blob_Dataset/2/112.jpg,2
1223,Blob_Dataset/2/410.jpg,2
887,Blob_Dataset/1/276.jpg,1
521,Blob_Dataset/2/179.jpg,2
1100,Blob_Dataset/0/375.jpg,0
722,Blob_Dataset/2/249.jpg,2
676,Blob_Dataset/1/211.jpg,1
797,Blob_Dataset/1/247.jpg,1
884,Blob_Dataset/1/274.jpg,1
395,Blob_Dataset/0/135.jpg,0
1036,Blob_Dataset/1/333.jpg,1
767,Blob_Dataset/2/265.jpg,2
1190,Blob_Dataset/1/383.jpg,1
857,Blob_Dataset/1/266.jpg,1
414,Blob_Dataset/2/144.jpg,2
927,Blob_Dataset/1/296.jpg,1
77,Blob_Dataset/2/27.jpg,2
60,Blob_Dataset/0/21.jpg,0
387,Blob_Dataset/1/117.jpg,1
109,Blob_Dataset/0/39.jpg,0
249,Blob_Dataset/1/71.jpg,1
1090,Blob_Dataset/1/349.jpg,1
1327,Blob_Dataset/1/430.jpg,1
795,Blob_Dataset/1/246.jpg,1
553,Blob_Dataset/1/173.jpg,1
341,Blob_Dataset/1/102.jpg,1
1069,Blob_Dataset/2/363.jpg,2
371,Blob_Dataset/1/114.jpg,1
307,Blob_Dataset/1/92.jpg,1
1151,Blob_Dataset/2/388.jpg,2
687,Blob_Dataset/1/216.jpg,1
1122,Blob_Dataset/0/382.jpg,0
1505,Blob_Dataset/2/496.jpg,2
928,Blob_Dataset/0/316.jpg,0
1496,Blob_Dataset/1/492.jpg,1
227,Blob_Dataset/2/84.jpg,2
577,Blob_Dataset/2/202.jpg,2
547,Blob_Dataset/2/191.jpg,2
1406,Blob_Dataset/1/464.jpg,1
332,Blob_Dataset/2/115.jpg,2
679,Blob_Dataset/0/231.jpg,0
41,Blob_Dataset/2/15.jpg,2
18,Blob_Dataset/0/6.jpg,0
885,Blob_Dataset/1/275.jpg,1
1315,Blob_Dataset/2/442.jpg,2
879,Blob_Dataset/0/307.jpg,0
652,Blob_Dataset/0/223.jpg,0
1344,Blob_Dataset/2/452.jpg,2
295,Blob_Dataset/0/103.jpg,0
704,Blob_Dataset/0/239.jpg,0
224,Blob_Dataset/0/75.jpg,0
922,Blob_Dataset/1/293.jpg,1
204,Blob_Dataset/2/78.jpg,2
389,Blob_Dataset/0/130.jpg,0
607,Blob_Dataset/1/189.jpg,1
1208,Blob_Dataset/0/416.jpg,0
847,Blob_Dataset/2/288.jpg,2
1166,Blob_Dataset/0/402.jpg,0
1323,Blob_Dataset/1/427.jpg,1
1346,Blob_Dataset/1/437.jpg,1
504,Blob_Dataset/1/155.jpg,1
765,Blob_Dataset/1/235.jpg,1
1264,Blob_Dataset/0/431.jpg,0
812,Blob_Dataset/0/281.jpg,0
11,Blob_Dataset/2/3.jpg,2
141,Blob_Dataset/1/40.jpg,1
988,Blob_Dataset/2/335.jpg,2
1336,Blob_Dataset/1/433.jpg,1
512,Blob_Dataset/2/178.jpg,2
973,Blob_Dataset/0/331.jpg,0
104,Blob_Dataset/2/37.jpg,2
1309,Blob_Dataset/2/439.jpg,2
1276,Blob_Dataset/2/430.jpg,2
894,Blob_Dataset/0/309.jpg,0
315,Blob_Dataset/2/109.jpg,2
484,Blob_Dataset/0/162.jpg,0
1218,Blob_Dataset/0/420.jpg,0
1368,Blob_Dataset/2/457.jpg,2
427,Blob_Dataset/2/150.jpg,2
121,Blob_Dataset/2/47.jpg,2
731,Blob_Dataset/2/251.jpg,2
199,Blob_Dataset/0/62.jpg,0
691,Blob_Dataset/2/239.jpg,2
1158,Blob_Dataset/2/389.jpg,2
905,Blob_Dataset/1/287.jpg,1
1402,Blob_Dataset/0/472.jpg,0
177,Blob_Dataset/1/49.jpg,1
824,Blob_Dataset/2/283.jpg,2
701,Blob_Dataset/0/237.jpg,0
653,Blob_Dataset/0/224.jpg,0
377,Blob_Dataset/1/115.jpg,1
570,Blob_Dataset/0/192.jpg,0
482,Blob_Dataset/0/160.jpg,0
657,Blob_Dataset/2/228.jpg,2
1441,Blob_Dataset/1/475.jpg,1
1061,Blob_Dataset/0/358.jpg,0
28,Blob_Dataset/2/10.jpg,2
45,Blob_Dataset/0/14.jpg,0
904,Blob_Dataset/1/286.jpg,1
1246,Blob_Dataset/1/401.jpg,1
969,Blob_Dataset/2/329.jpg,2
1113,Blob_Dataset/2/376.jpg,2
1291,Blob_Dataset/1/417.jpg,1
448,Blob_Dataset/0/150.jpg,0
167,Blob_Dataset/0/54.jpg,0
1103,Blob_Dataset/2/372.jpg,2
1453,Blob_Dataset/0/489.jpg,0
792,Blob_Dataset/0/272.jpg,0
575,Blob_Dataset/1/179.jpg,1
1050,Blob_Dataset/2/357.jpg,2
1337,Blob_Dataset/1/434.jpg,1
31,Blob_Dataset/1/10.jpg,1
1296,Blob_Dataset/0/442.jpg,0
1011,Blob_Dataset/1/324.jpg,1
897,Blob_Dataset/2/305.jpg,2
4,Blob_Dataset/1/0.jpg,1
1313,Blob_Dataset/1/425.jpg,1
139,Blob_Dataset/1/39.jpg,1
855,Blob_Dataset/1/265.jpg,1
736,Blob_Dataset/1/228.jpg,1
1349,Blob_Dataset/0/455.jpg,0
32,Blob_Dataset/0/10.jpg,0
162,Blob_Dataset/0/52.jpg,0
656,Blob_Dataset/0/225.jpg,0
401,Blob_Dataset/1/122.jpg,1
56,Blob_Dataset/0/19.jpg,0
1200,Blob_Dataset/2/402.jpg,2
176,Blob_Dataset/2/69.jpg,2
613,Blob_Dataset/0/207.jpg,0
1454,Blob_Dataset/0/490.jpg,0
1060,Blob_Dataset/1/341.jpg,1
373,Blob_Dataset/0/127.jpg,0
1135,Blob_Dataset/2/384.jpg,2
1242,Blob_Dataset/2/414.jpg,2
192,Blob_Dataset/1/55.jpg,1
1030,Blob_Dataset/2/350.jpg,2
1384,Blob_Dataset/0/466.jpg,0
165,Blob_Dataset/1/46.jpg,1
1413,Blob_Dataset/0/474.jpg,0
195,Blob_Dataset/1/57.jpg,1
10,Blob_Dataset/0/4.jpg,0
1080,Blob_Dataset/1/345.jpg,1
251,Blob_Dataset/0/85.jpg,0
539,Blob_Dataset/1/170.jpg,1
410,Blob_Dataset/0/139.jpg,0
852,Blob_Dataset/1/263.jpg,1
998,Blob_Dataset/1/321.jpg,1
268,Blob_Dataset/1/76.jpg,1
256,Blob_Dataset/0/88.jpg,0
1241,Blob_Dataset/1/400.jpg,1
751,Blob_Dataset/1/231.jpg,1
1416,Blob_Dataset/1/467.jpg,1
641,Blob_Dataset/2/222.jpg,2
1089,Blob_Dataset/1/348.jpg,1
881,Blob_Dataset/1/272.jpg,1
1463,Blob_Dataset/0/494.jpg,0
729,Blob_Dataset/0/251.jpg,0
374,Blob_Dataset/2/131.jpg,2
1020,Blob_Dataset/0/345.jpg,0
1150,Blob_Dataset/1/367.jpg,1
164,Blob_Dataset/0/53.jpg,0
1078,Blob_Dataset/0/368.jpg,0
706,Blob_Dataset/1/221.jpg,1
829,Blob_Dataset/1/256.jpg,1
101,Blob_Dataset/2/34.jpg,2
376,Blob_Dataset/2/133.jpg,2
605,Blob_Dataset/2/212.jpg,2
470,Blob_Dataset/1/147.jpg,1
1428,Blob_Dataset/1/471.jpg,1
523,Blob_Dataset/2/181.jpg,2
400,Blob_Dataset/0/137.jpg,0
1321,Blob_Dataset/2/445.jpg,2
780,Blob_Dataset/2/268.jpg,2
1192,Blob_Dataset/0/408.jpg,0
380,Blob_Dataset/2/135.jpg,2
993,Blob_Dataset/1/317.jpg,1
445,Blob_Dataset/0/148.jpg,0
1104,Blob_Dataset/0/378.jpg,0
1136,Blob_Dataset/0/386.jpg,0
1350,Blob_Dataset/1/439.jpg,1
591,Blob_Dataset/0/198.jpg,0
712,Blob_Dataset/2/246.jpg,2
700,Blob_Dataset/2/242.jpg,2
113,Blob_Dataset/2/43.jpg,2
429,Blob_Dataset/1/132.jpg,1
1354,Blob_Dataset/1/441.jpg,1
698,Blob_Dataset/0/236.jpg,0
1466,Blob_Dataset/1/486.jpg,1
221,Blob_Dataset/0/73.jpg,0
35,Blob_Dataset/1/11.jpg,1
747,Blob_Dataset/2/257.jpg,2
216,Blob_Dataset/2/82.jpg,2
1088,Blob_Dataset/1/347.jpg,1
1182,Blob_Dataset/2/397.jpg,2
910,Blob_Dataset/2/310.jpg,2
1054,Blob_Dataset/0/356.jpg,0
1294,Blob_Dataset/1/418.jpg,1
312,Blob_Dataset/2/107.jpg,2
980,Blob_Dataset/0/333.jpg,0
143,Blob_Dataset/1/41.jpg,1
654,Blob_Dataset/2/226.jpg,2
269,Blob_Dataset/0/95.jpg,0
348,Blob_Dataset/1/105.jpg,1
1123,Blob_Dataset/1/359.jpg,1
1186,Blob_Dataset/0/406.jpg,0
561,Blob_Dataset/0/187.jpg,0
472,Blob_Dataset/2/167.jpg,2
864,Blob_Dataset/0/300.jpg,0
384,Blob_Dataset/2/137.jpg,2
709,Blob_Dataset/2/244.jpg,2
839,Blob_Dataset/1/261.jpg,1
1116,Blob_Dataset/1/357.jpg,1
796,Blob_Dataset/0/274.jpg,0
634,Blob_Dataset/1/197.jpg,1
187,Blob_Dataset/2/73.jpg,2
893,Blob_Dataset/2/303.jpg,2
244,Blob_Dataset/1/70.jpg,1
1447,Blob_Dataset/0/487.jpg,0
1105,Blob_Dataset/1/353.jpg,1
75,Blob_Dataset/0/29.jpg,0
825,Blob_Dataset/0/287.jpg,0
12,Blob_Dataset/1/3.jpg,1
51,Blob_Dataset/1/16.jpg,1
335,Blob_Dataset/0/117.jpg,0
29,Blob_Dataset/0/8.jpg,0
1028,Blob_Dataset/2/349.jpg,2
1473,Blob_Dataset/0/498.jpg,0
1027,Blob_Dataset/0/348.jpg,0
125,Blob_Dataset/0/44.jpg,0
872,Blob_Dataset/0/303.jpg,0
823,Blob_Dataset/0/286.jpg,0
171,Blob_Dataset/2/66.jpg,2
1482,Blob_Dataset/2/489.jpg,2
70,Blob_Dataset/0/25.jpg,0
288,Blob_Dataset/1/84.jpg,1
1157,Blob_Dataset/1/371.jpg,1
728,Blob_Dataset/0/250.jpg,0
1185,Blob_Dataset/1/380.jpg,1
1211,Blob_Dataset/0/417.jpg,0
681,Blob_Dataset/2/236.jpg,2
674,Blob_Dataset/0/230.jpg,0
197,Blob_Dataset/2/76.jpg,2
1355,Blob_Dataset/0/458.jpg,0
175,Blob_Dataset/0/57.jpg,0
1009,Blob_Dataset/2/344.jpg,2
880,Blob_Dataset/2/300.jpg,2
80,Blob_Dataset/1/20.jpg,1
2,Blob_Dataset/2/1.jpg,2
572,Blob_Dataset/0/193.jpg,0
1066,Blob_Dataset/0/362.jpg,0
726,Blob_Dataset/0/249.jpg,0
785,Blob_Dataset/2/270.jpg,2
1427,Blob_Dataset/0/481.jpg,0
1284,Blob_Dataset/0/437.jpg,0
759,Blob_Dataset/0/260.jpg,0
205,Blob_Dataset/0/65.jpg,0
114,Blob_Dataset/2/44.jpg,2
241,Blob_Dataset/1/69.jpg,1
267,Blob_Dataset/2/96.jpg,2
1098,Blob_Dataset/0/373.jpg,0
614,Blob_Dataset/0/208.jpg,0
783,Blob_Dataset/0/270.jpg,0
345,Blob_Dataset/1/104.jpg,1
623,Blob_Dataset/1/194.jpg,1
856,Blob_Dataset/2/293.jpg,2
666,Blob_Dataset/0/228.jpg,0
1376,Blob_Dataset/1/451.jpg,1
499,Blob_Dataset/0/171.jpg,0
213,Blob_Dataset/0/68.jpg,0
1282,Blob_Dataset/1/413.jpg,1
320,Blob_Dataset/1/98.jpg,1
103,Blob_Dataset/2/36.jpg,2
1439,Blob_Dataset/0/485.jpg,0
1374,Blob_Dataset/1/450.jpg,1
799,Blob_Dataset/1/248.jpg,1
491,Blob_Dataset/0/166.jpg,0
859,Blob_Dataset/0/297.jpg,0
535,Blob_Dataset/1/167.jpg,1
194,Blob_Dataset/1/56.jpg,1
1244,Blob_Dataset/0/428.jpg,0
238,Blob_Dataset/2/88.jpg,2
1175,Blob_Dataset/0/404.jpg,0
1243,Blob_Dataset/0/427.jpg,0
349,Blob_Dataset/2/122.jpg,2
1338,Blob_Dataset/0/452.jpg,0
655,Blob_Dataset/2/227.jpg,2
1295,Blob_Dataset/0/441.jpg,0
1155,Blob_Dataset/1/370.jpg,1
481,Blob_Dataset/2/170.jpg,2
1214,Blob_Dataset/1/389.jpg,1
17,Blob_Dataset/1/6.jpg,1
1156,Blob_Dataset/0/396.jpg,0
14,Blob_Dataset/1/5.jpg,1
428,Blob_Dataset/2/151.jpg,2
511,Blob_Dataset/0/175.jpg,0
1195,Blob_Dataset/0/409.jpg,0
473,Blob_Dataset/0/157.jpg,0
629,Blob_Dataset/0/215.jpg,0
392,Blob_Dataset/0/133.jpg,0
1261,Blob_Dataset/1/405.jpg,1
1292,Blob_Dataset/2/434.jpg,2
134,Blob_Dataset/2/52.jpg,2
1502,Blob_Dataset/1/498.jpg,1
13,Blob_Dataset/1/4.jpg,1
100,Blob_Dataset/1/28.jpg,1
1329,Blob_Dataset/0/451.jpg,0
635,Blob_Dataset/0/218.jpg,0
495,Blob_Dataset/2/174.jpg,2
1081,Blob_Dataset/2/365.jpg,2
398,Blob_Dataset/1/120.jpg,1
360,Blob_Dataset/2/127.jpg,2
435,Blob_Dataset/1/133.jpg,1
183,Blob_Dataset/1/51.jpg,1
1401,Blob_Dataset/1/461.jpg,1
1408,Blob_Dataset/2/470.jpg,2
1227,Blob_Dataset/2/411.jpg,2
92,Blob_Dataset/2/31.jpg,2
896,Blob_Dataset/1/281.jpg,1
1173,Blob_Dataset/1/374.jpg,1
1353,Blob_Dataset/0/457.jpg,0
1480,Blob_Dataset/2/488.jpg,2
972,Blob_Dataset/2/330.jpg,2
1325,Blob_Dataset/1/429.jpg,1
1501,Blob_Dataset/1/497.jpg,1
1202,Blob_Dataset/0/413.jpg,0
1386,Blob_Dataset/1/455.jpg,1
1129,Blob_Dataset/2/383.jpg,2
441,Blob_Dataset/2/156.jpg,2
815,Blob_Dataset/1/252.jpg,1
661,Blob_Dataset/2/230.jpg,2
188,Blob_Dataset/1/53.jpg,1
583,Blob_Dataset/1/183.jpg,1
1324,Blob_Dataset/1/428.jpg,1
1400,Blob_Dataset/1/460.jpg,1
1032,Blob_Dataset/2/351.jpg,2
314,Blob_Dataset/2/108.jpg,2
1130,Blob_Dataset/1/362.jpg,1
53,Blob_Dataset/1/18.jpg,1
1503,Blob_Dataset/2/495.jpg,2
48,Blob_Dataset/0/15.jpg,0
132,Blob_Dataset/2/51.jpg,2
1213,Blob_Dataset/2/406.jpg,2
497,Blob_Dataset/0/169.jpg,0
117,Blob_Dataset/0/40.jpg,0
1092,Blob_Dataset/2/370.jpg,2
562,Blob_Dataset/0/188.jpg,0
588,Blob_Dataset/2/206.jpg,2
1045,Blob_Dataset/1/335.jpg,1
581,Blob_Dataset/0/195.jpg,0
627,Blob_Dataset/0/213.jpg,0
157,Blob_Dataset/0/49.jpg,0
63,Blob_Dataset/2/21.jpg,2
1322,Blob_Dataset/2/446.jpg,2
299,Blob_Dataset/2/105.jpg,2
1159,Blob_Dataset/0/397.jpg,0
1446,Blob_Dataset/2/480.jpg,2
871,Blob_Dataset/1/270.jpg,1
978,Blob_Dataset/0/332.jpg,0
542,Blob_Dataset/0/181.jpg,0
557,Blob_Dataset/2/197.jpg,2
39,Blob_Dataset/2/13.jpg,2
1330,Blob_Dataset/2/447.jpg,2
262,Blob_Dataset/1/74.jpg,1
688,Blob_Dataset/1/217.jpg,1
509,Blob_Dataset/0/174.jpg,0
1025,Blob_Dataset/1/329.jpg,1
546,Blob_Dataset/0/183.jpg,0
1096,Blob_Dataset/1/351.jpg,1
739,Blob_Dataset/1/229.jpg,1
1102,Blob_Dataset/0/377.jpg,0
1209,Blob_Dataset/2/404.jpg,2
1476,Blob_Dataset/1/488.jpg,1
253,Blob_Dataset/2/93.jpg,2
506,Blob_Dataset/2/177.jpg,2
306,Blob_Dataset/0/107.jpg,0
322,Blob_Dataset/1/99.jpg,1
284,Blob_Dataset/0/101.jpg,0
600,Blob_Dataset/1/186.jpg,1
772,Blob_Dataset/1/239.jpg,1
507,Blob_Dataset/1/156.jpg,1
1457,Blob_Dataset/1/484.jpg,1
977,Blob_Dataset/2/332.jpg,2
1414,Blob_Dataset/2/472.jpg,2
421,Blob_Dataset/1/130.jpg,1
986,Blob_Dataset/1/315.jpg,1
119,Blob_Dataset/1/31.jpg,1
300,Blob_Dataset/1/89.jpg,1
0,Blob_Dataset/2/0.jpg,2
966,Blob_Dataset/1/309.jpg,1
664,Blob_Dataset/0/227.jpg,0
22,Blob_Dataset/2/6.jpg,2
242,Blob_Dataset/0/82.jpg,0
718,Blob_Dataset/2/248.jpg,2
1468,Blob_Dataset/0/496.jpg,0
717,Blob_Dataset/2/247.jpg,2
248,Blob_Dataset/2/92.jpg,2
755,Blob_Dataset/2/262.jpg,2
677,Blob_Dataset/2/234.jpg,2
1006,Blob_Dataset/2/342.jpg,2
474,Blob_Dataset/1/148.jpg,1
69,Blob_Dataset/0/24.jpg,0
584,Blob_Dataset/2/204.jpg,2
206,Blob_Dataset/0/66.jpg,0
1492,Blob_Dataset/1/491.jpg,1
890,Blob_Dataset/1/278.jpg,1
24,Blob_Dataset/2/8.jpg,2
630,Blob_Dataset/2/217.jpg,2
981,Blob_Dataset/0/334.jpg,0
1037,Blob_Dataset/0/350.jpg,0
1312,Blob_Dataset/1/424.jpg,1
281,Blob_Dataset/0/100.jpg,0
616,Blob_Dataset/0/209.jpg,0
631,Blob_Dataset/0/216.jpg,0
1429,Blob_Dataset/2/475.jpg,2
1073,Blob_Dataset/0/365.jpg,0
5,Blob_Dataset/1/1.jpg,1
1531,Blob_Dataset/2/499.jpg,2
219,Blob_Dataset/1/63.jpg,1
924,Blob_Dataset/1/294.jpg,1
708,Blob_Dataset/0/242.jpg,0
173,Blob_Dataset/2/68.jpg,2
760,Blob_Dataset/0/261.jpg,0
697,Blob_Dataset/1/219.jpg,1
672,Blob_Dataset/0/229.jpg,0
240,Blob_Dataset/2/89.jpg,2
1171,Blob_Dataset/2/393.jpg,2
869,Blob_Dataset/2/297.jpg,2
1358,Blob_Dataset/2/455.jpg,2
270,Blob_Dataset/1/77.jpg,1
142,Blob_Dataset/2/55.jpg,2
189,Blob_Dataset/0/61.jpg,0
1147,Blob_Dataset/1/366.jpg,1
83,Blob_Dataset/2/29.jpg,2
774,Blob_Dataset/1/241.jpg,1
254,Blob_Dataset/2/94.jpg,2
578,Blob_Dataset/1/180.jpg,1
1133,Blob_Dataset/1/364.jpg,1
1436,Blob_Dataset/1/473.jpg,1
135,Blob_Dataset/1/36.jpg,1
1288,Blob_Dataset/0/438.jpg,0
1273,Blob_Dataset/2/428.jpg,2
1359,Blob_Dataset/0/459.jpg,0
277,Blob_Dataset/0/98.jpg,0
34,Blob_Dataset/2/12.jpg,2
1392,Blob_Dataset/1/457.jpg,1
956,Blob_Dataset/1/304.jpg,1
330,Blob_Dataset/2/113.jpg,2
500,Blob_Dataset/0/172.jpg,0
752,Blob_Dataset/2/261.jpg,2
1258,Blob_Dataset/2/424.jpg,2
1498,Blob_Dataset/1/494.jpg,1
773,Blob_Dataset/1/240.jpg,1
909,Blob_Dataset/2/309.jpg,2
725,Blob_Dataset/1/226.jpg,1
158,Blob_Dataset/0/50.jpg,0
1491,Blob_Dataset/2/492.jpg,2
690,Blob_Dataset/0/233.jpg,0
615,Blob_Dataset/1/192.jpg,1
919,Blob_Dataset/2/312.jpg,2
914,Blob_Dataset/0/312.jpg,0
85,Blob_Dataset/2/30.jpg,2
1106,Blob_Dataset/1/354.jpg,1
1235,Blob_Dataset/1/396.jpg,1
758,Blob_Dataset/0/259.jpg,0
647,Blob_Dataset/0/221.jpg,0
1248,Blob_Dataset/2/416.jpg,2
1268,Blob_Dataset/1/408.jpg,1
386,Blob_Dataset/2/139.jpg,2
185,Blob_Dataset/1/52.jpg,1
62,Blob_Dataset/0/22.jpg,0
1306,Blob_Dataset/1/422.jpg,1
995,Blob_Dataset/1/318.jpg,1
1107,Blob_Dataset/0/379.jpg,0
943,Blob_Dataset/2/320.jpg,2
390,Blob_Dataset/0/131.jpg,0
592,Blob_Dataset/0/199.jpg,0
628,Blob_Dataset/0/214.jpg,0
156,Blob_Dataset/2/62.jpg,2
36,Blob_Dataset/0/11.jpg,0
1390,Blob_Dataset/0/470.jpg,0
285,Blob_Dataset/2/99.jpg,2
1183,Blob_Dataset/2/398.jpg,2
906,Blob_Dataset/2/307.jpg,2
1434,Blob_Dataset/0/483.jpg,0
720,Blob_Dataset/1/225.jpg,1
145,Blob_Dataset/1/43.jpg,1
567,Blob_Dataset/1/177.jpg,1
358,Blob_Dataset/1/109.jpg,1
1072,Blob_Dataset/0/364.jpg,0
1064,Blob_Dataset/0/360.jpg,0
351,Blob_Dataset/1/107.jpg,1
1371,Blob_Dataset/1/448.jpg,1
937,Blob_Dataset/2/316.jpg,2
870,Blob_Dataset/0/302.jpg,0
642,Blob_Dataset/1/200.jpg,1
76,Blob_Dataset/2/26.jpg,2
405,Blob_Dataset/0/138.jpg,0
963,Blob_Dataset/1/307.jpg,1
233,Blob_Dataset/2/85.jpg,2
1378,Blob_Dataset/2/461.jpg,2
1160,Blob_Dataset/0/398.jpg,0
1230,Blob_Dataset/1/393.jpg,1
693,Blob_Dataset/2/240.jpg,2
1432,Blob_Dataset/2/477.jpg,2
608,Blob_Dataset/0/205.jpg,0
276,Blob_Dataset/1/81.jpg,1
762,Blob_Dataset/0/262.jpg,0
147,Blob_Dataset/1/44.jpg,1
827,Blob_Dataset/0/288.jpg,0
1316,Blob_Dataset/2/443.jpg,2
112,Blob_Dataset/2/42.jpg,2
958,Blob_Dataset/2/325.jpg,2
150,Blob_Dataset/2/58.jpg,2
193,Blob_Dataset/2/75.jpg,2
974,Blob_Dataset/1/311.jpg,1
841,Blob_Dataset/0/292.jpg,0
95,Blob_Dataset/0/36.jpg,0
283,Blob_Dataset/2/98.jpg,2
964,Blob_Dataset/2/327.jpg,2
842,Blob_Dataset/0/293.jpg,0
545,Blob_Dataset/2/190.jpg,2
1017,Blob_Dataset/0/344.jpg,0
1170,Blob_Dataset/0/403.jpg,0
408,Blob_Dataset/1/125.jpg,1
1065,Blob_Dataset/0/361.jpg,0
155,Blob_Dataset/2/61.jpg,2
479,Blob_Dataset/0/159.jpg,0
931,Blob_Dataset/0/318.jpg,0
703,Blob_Dataset/0/238.jpg,0
552,Blob_Dataset/0/184.jpg,0
425,Blob_Dataset/2/149.jpg,2
1287,Blob_Dataset/1/415.jpg,1
875,Blob_Dataset/0/304.jpg,0
638,Blob_Dataset/1/199.jpg,1
1207,Blob_Dataset/0/415.jpg,0
1280,Blob_Dataset/1/412.jpg,1
1263,Blob_Dataset/2/425.jpg,2
863,Blob_Dataset/0/299.jpg,0
1423,Blob_Dataset/1/470.jpg,1
939,Blob_Dataset/1/297.jpg,1
1094,Blob_Dataset/1/350.jpg,1
1300,Blob_Dataset/2/435.jpg,2
1269,Blob_Dataset/1/409.jpg,1
1247,Blob_Dataset/1/402.jpg,1
1022,Blob_Dataset/2/347.jpg,2
426,Blob_Dataset/0/144.jpg,0
1021,Blob_Dataset/0/346.jpg,0
1314,Blob_Dataset/2/441.jpg,2
1303,Blob_Dataset/0/445.jpg,0
612,Blob_Dataset/1/191.jpg,1
639,Blob_Dataset/2/220.jpg,2
468,Blob_Dataset/2/165.jpg,2
1121,Blob_Dataset/0/381.jpg,0
696,Blob_Dataset/1/218.jpg,1
976,Blob_Dataset/2/331.jpg,2
402,Blob_Dataset/1/123.jpg,1
979,Blob_Dataset/1/313.jpg,1
1373,Blob_Dataset/1/449.jpg,1
1240,Blob_Dataset/1/399.jpg,1
38,Blob_Dataset/0/12.jpg,0
766,Blob_Dataset/1/236.jpg,1
990,Blob_Dataset/2/336.jpg,2
895,Blob_Dataset/2/304.jpg,2
1002,Blob_Dataset/0/340.jpg,0
1255,Blob_Dataset/2/421.jpg,2
1189,Blob_Dataset/2/399.jpg,2
343,Blob_Dataset/0/120.jpg,0
1450,Blob_Dataset/0/488.jpg,0
1301,Blob_Dataset/2/436.jpg,2
1068,Blob_Dataset/2/362.jpg,2
394,Blob_Dataset/0/134.jpg,0
1478,Blob_Dataset/2/487.jpg,2
304,Blob_Dataset/0/106.jpg,0
556,Blob_Dataset/0/185.jpg,0
637,Blob_Dataset/2/219.jpg,2
138,Blob_Dataset/1/38.jpg,1
770,Blob_Dataset/2/266.jpg,2
210,Blob_Dataset/2/80.jpg,2
297,Blob_Dataset/2/104.jpg,2
43,Blob_Dataset/1/13.jpg,1
953,Blob_Dataset/1/303.jpg,1
1004,Blob_Dataset/2/340.jpg,2
331,Blob_Dataset/2/114.jpg,2
433,Blob_Dataset/2/153.jpg,2
1297,Blob_Dataset/1/419.jpg,1
756,Blob_Dataset/2/263.jpg,2
68,Blob_Dataset/2/24.jpg,2
423,Blob_Dataset/1/131.jpg,1
208,Blob_Dataset/2/79.jpg,2
430,Blob_Dataset/2/152.jpg,2
749,Blob_Dataset/2/259.jpg,2
1277,Blob_Dataset/0/435.jpg,0
1046,Blob_Dataset/0/354.jpg,0
525,Blob_Dataset/1/163.jpg,1
1010,Blob_Dataset/1/323.jpg,1
419,Blob_Dataset/0/141.jpg,0
381,Blob_Dataset/0/129.jpg,0
198,Blob_Dataset/2/77.jpg,2
1395,Blob_Dataset/2/465.jpg,2
952,Blob_Dataset/0/326.jpg,0
899,Blob_Dataset/1/282.jpg,1
1008,Blob_Dataset/2/343.jpg,2
1141,Blob_Dataset/0/390.jpg,0
1348,Blob_Dataset/2/454.jpg,2
1249,Blob_Dataset/1/403.jpg,1
933,Blob_Dataset/0/320.jpg,0
949,Blob_Dataset/0/325.jpg,0
1225,Blob_Dataset/1/390.jpg,1
464,Blob_Dataset/1/146.jpg,1
779,Blob_Dataset/0/268.jpg,0
714,Blob_Dataset/1/223.jpg,1
463,Blob_Dataset/2/162.jpg,2
1144,Blob_Dataset/0/392.jpg,0
347,Blob_Dataset/2/121.jpg,2
776,Blob_Dataset/0/266.jpg,0
9,Blob_Dataset/2/2.jpg,2
489,Blob_Dataset/2/171.jpg,2
685,Blob_Dataset/1/215.jpg,1
296,Blob_Dataset/2/103.jpg,2
689,Blob_Dataset/2/238.jpg,2
289,Blob_Dataset/1/85.jpg,1
1005,Blob_Dataset/2/341.jpg,2
1266,Blob_Dataset/2/426.jpg,2
229,Blob_Dataset/0/78.jpg,0
1174,Blob_Dataset/1/375.jpg,1
1440,Blob_Dataset/0/486.jpg,0
1114,Blob_Dataset/2/377.jpg,2
1201,Blob_Dataset/2/403.jpg,2
985,Blob_Dataset/0/335.jpg,0
1431,Blob_Dataset/1/472.jpg,1
27,Blob_Dataset/1/9.jpg,1
912,Blob_Dataset/0/311.jpg,0
1205,Blob_Dataset/0/414.jpg,0
403,Blob_Dataset/2/141.jpg,2
1168,Blob_Dataset/2/392.jpg,2
1154,Blob_Dataset/1/369.jpg,1
466,Blob_Dataset/2/164.jpg,2
131,Blob_Dataset/1/34.jpg,1
385,Blob_Dataset/2/138.jpg,2
1127,Blob_Dataset/2/381.jpg,2
1041,Blob_Dataset/2/355.jpg,2
1134,Blob_Dataset/0/385.jpg,0
1259,Blob_Dataset/0/430.jpg,0
753,Blob_Dataset/1/232.jpg,1
784,Blob_Dataset/2/269.jpg,2
397,Blob_Dataset/0/136.jpg,0
1424,Blob_Dataset/2/473.jpg,2
1,Blob_Dataset/0/0.jpg,0
96,Blob_Dataset/2/33.jpg,2
1347,Blob_Dataset/1/438.jpg,1
633,Blob_Dataset/0/217.jpg,0
1364,Blob_Dataset/0/460.jpg,0
291,Blob_Dataset/2/101.jpg,2
20,Blob_Dataset/1/7.jpg,1
954,Blob_Dataset/2/323.jpg,2
1399,Blob_Dataset/1/459.jpg,1
1278,Blob_Dataset/1/411.jpg,1
984,Blob_Dataset/2/334.jpg,2
59,Blob_Dataset/2/19.jpg,2
814,Blob_Dataset/2/280.jpg,2
959,Blob_Dataset/0/327.jpg,0
231,Blob_Dataset/1/67.jpg,1
1459,Blob_Dataset/2/481.jpg,2
404,Blob_Dataset/1/124.jpg,1
329,Blob_Dataset/0/114.jpg,0
1000,Blob_Dataset/0/338.jpg,0
997,Blob_Dataset/1/320.jpg,1
935,Blob_Dataset/0/322.jpg,0
311,Blob_Dataset/1/94.jpg,1
533,Blob_Dataset/1/165.jpg,1
313,Blob_Dataset/1/95.jpg,1
250,Blob_Dataset/1/72.jpg,1
266,Blob_Dataset/0/94.jpg,0
1479,Blob_Dataset/1/489.jpg,1
940,Blob_Dataset/2/318.jpg,2
1228,Blob_Dataset/0/424.jpg,0
1198,Blob_Dataset/0/411.jpg,0
1385,Blob_Dataset/0/467.jpg,0
1308,Blob_Dataset/2/438.jpg,2
597,Blob_Dataset/2/209.jpg,2
319,Blob_Dataset/1/97.jpg,1
727,Blob_Dataset/2/250.jpg,2
350,Blob_Dataset/1/106.jpg,1
8,Blob_Dataset/0/3.jpg,0
1238,Blob_Dataset/2/413.jpg,2
1383,Blob_Dataset/1/454.jpg,1
354,Blob_Dataset/0/121.jpg,0
1377,Blob_Dataset/0/464.jpg,0
987,Blob_Dataset/0/336.jpg,0
1420,Blob_Dataset/0/478.jpg,0
1091,Blob_Dataset/2/369.jpg,2
356,Blob_Dataset/1/108.jpg,1
450,Blob_Dataset/0/152.jpg,0
571,Blob_Dataset/2/200.jpg,2
566,Blob_Dataset/0/190.jpg,0
945,Blob_Dataset/0/324.jpg,0
1194,Blob_Dataset/1/384.jpg,1
516,Blob_Dataset/0/178.jpg,0
232,Blob_Dataset/1/68.jpg,1
280,Blob_Dataset/2/97.jpg,2
1360,Blob_Dataset/2/456.jpg,2
519,Blob_Dataset/1/161.jpg,1
169,Blob_Dataset/1/47.jpg,1
361,Blob_Dataset/2/128.jpg,2
207,Blob_Dataset/1/61.jpg,1
217,Blob_Dataset/0/71.jpg,0
196,Blob_Dataset/1/58.jpg,1
763,Blob_Dataset/0/263.jpg,0
115,Blob_Dataset/1/30.jpg,1
723,Blob_Dataset/0/247.jpg,0
1079,Blob_Dataset/0/369.jpg,0
596,Blob_Dataset/0/202.jpg,0
508,Blob_Dataset/0/173.jpg,0
136,Blob_Dataset/2/53.jpg,2
1169,Blob_Dataset/1/373.jpg,1
1382,Blob_Dataset/0/465.jpg,0
1499,Blob_Dataset/1/495.jpg,1
848,Blob_Dataset/2/289.jpg,2
236,Blob_Dataset/2/86.jpg,2
1462,Blob_Dataset/0/493.jpg,0
274,Blob_Dataset/1/80.jpg,1
579,Blob_Dataset/1/181.jpg,1
417,Blob_Dataset/1/129.jpg,1
422,Blob_Dataset/0/143.jpg,0
65,Blob_Dataset/2/23.jpg,2
515,Blob_Dataset/1/158.jpg,1
237,Blob_Dataset/2/87.jpg,2
573,Blob_Dataset/1/178.jpg,1
336,Blob_Dataset/0/118.jpg,0
25,Blob_Dataset/1/8.jpg,1
530,Blob_Dataset/2/186.jpg,2
1115,Blob_Dataset/2/378.jpg,2
705,Blob_Dataset/0/240.jpg,0
255,Blob_Dataset/0/87.jpg,0
1026,Blob_Dataset/2/348.jpg,2
1058,Blob_Dataset/0/357.jpg,0
828,Blob_Dataset/1/255.jpg,1
108,Blob_Dataset/2/39.jpg,2
1352,Blob_Dataset/0/456.jpg,0
494,Blob_Dataset/2/173.jpg,2
771,Blob_Dataset/1/238.jpg,1
582,Blob_Dataset/2/203.jpg,2
259,Blob_Dataset/1/73.jpg,1
961,Blob_Dataset/0/328.jpg,0
1237,Blob_Dataset/1/397.jpg,1
1232,Blob_Dataset/1/394.jpg,1
1101,Blob_Dataset/0/376.jpg,0
920,Blob_Dataset/1/292.jpg,1
102,Blob_Dataset/2/35.jpg,2
346,Blob_Dataset/2/120.jpg,2
124,Blob_Dataset/0/43.jpg,0
1490,Blob_Dataset/2/491.jpg,2
651,Blob_Dataset/1/202.jpg,1
1067,Blob_Dataset/2/361.jpg,2
1370,Blob_Dataset/2/459.jpg,2
1013,Blob_Dataset/1/325.jpg,1
502,Blob_Dataset/1/153.jpg,1
1229,Blob_Dataset/1/392.jpg,1
1281,Blob_Dataset/2/431.jpg,2
1038,Blob_Dataset/0/351.jpg,0
1153,Blob_Dataset/0/395.jpg,0
1508,Blob_Dataset/2/497.jpg,2
534,Blob_Dataset/1/166.jpg,1
1467,Blob_Dataset/1/487.jpg,1
475,Blob_Dataset/0/158.jpg,0
808,Blob_Dataset/0/279.jpg,0
1220,Blob_Dataset/2/408.jpg,2
617,Blob_Dataset/2/214.jpg,2
1304,Blob_Dataset/2/437.jpg,2
201,Blob_Dataset/1/59.jpg,1
817,Blob_Dataset/0/283.jpg,0
49,Blob_Dataset/1/15.jpg,1
263,Blob_Dataset/1/75.jpg,1
42,Blob_Dataset/2/16.jpg,2
719,Blob_Dataset/0/245.jpg,0
334,Blob_Dataset/0/116.jpg,0
90,Blob_Dataset/1/23.jpg,1
1391,Blob_Dataset/1/456.jpg,1
947,Blob_Dataset/1/301.jpg,1
549,Blob_Dataset/1/172.jpg,1
339,Blob_Dataset/2/117.jpg,2
290,Blob_Dataset/1/86.jpg,1
1119,Blob_Dataset/1/358.jpg,1
1063,Blob_Dataset/1/342.jpg,1
186,Blob_Dataset/2/72.jpg,2
942,Blob_Dataset/1/298.jpg,1
999,Blob_Dataset/2/339.jpg,2
305,Blob_Dataset/1/91.jpg,1
1253,Blob_Dataset/2/419.jpg,2
278,Blob_Dataset/0/99.jpg,0
247,Blob_Dataset/2/91.jpg,2
396,Blob_Dataset/1/119.jpg,1
1016,Blob_Dataset/1/326.jpg,1
543,Blob_Dataset/1/171.jpg,1
1335,Blob_Dataset/1/432.jpg,1
1437,Blob_Dataset/2/478.jpg,2
768,Blob_Dataset/1/237.jpg,1
900,Blob_Dataset/2/306.jpg,2
264,Blob_Dataset/0/92.jpg,0
820,Blob_Dataset/1/253.jpg,1
321,Blob_Dataset/0/111.jpg,0
816,Blob_Dataset/0/282.jpg,0
878,Blob_Dataset/0/306.jpg,0
536,Blob_Dataset/2/187.jpg,2
89,Blob_Dataset/0/35.jpg,0
983,Blob_Dataset/2/333.jpg,2
1146,Blob_Dataset/0/393.jpg,0
1381,Blob_Dataset/1/453.jpg,1
1124,Blob_Dataset/0/383.jpg,0
675,Blob_Dataset/2/233.jpg,2
593,Blob_Dataset/2/208.jpg,2
1388,Blob_Dataset/2/463.jpg,2
378,Blob_Dataset/0/128.jpg,0
667,Blob_Dataset/1/206.jpg,1
531,Blob_Dataset/0/180.jpg,0
554,Blob_Dataset/2/195.jpg,2
1007,Blob_Dataset/1/322.jpg,1
406,Blob_Dataset/2/142.jpg,2
1210,Blob_Dataset/2/405.jpg,2
1411,Blob_Dataset/0/473.jpg,0
282,Blob_Dataset/1/83.jpg,1
260,Blob_Dataset/2/95.jpg,2
146,Blob_Dataset/2/56.jpg,2
968,Blob_Dataset/2/328.jpg,2
781,Blob_Dataset/1/243.jpg,1
955,Blob_Dataset/2/324.jpg,2
1331,Blob_Dataset/2/448.jpg,2
991,Blob_Dataset/1/316.jpg,1
1180,Blob_Dataset/1/378.jpg,1
416,Blob_Dataset/2/146.jpg,2
1472,Blob_Dataset/0/497.jpg,0
1049,Blob_Dataset/2/356.jpg,2
790,Blob_Dataset/2/274.jpg,2
261,Blob_Dataset/0/91.jpg,0
565,Blob_Dataset/2/198.jpg,2
711,Blob_Dataset/2/245.jpg,2
184,Blob_Dataset/2/71.jpg,2
522,Blob_Dataset/2/180.jpg,2
1083,Blob_Dataset/1/346.jpg,1
1044,Blob_Dataset/0/353.jpg,0
1204,Blob_Dataset/1/386.jpg,1
840,Blob_Dataset/2/286.jpg,2
648,Blob_Dataset/0/222.jpg,0
1465,Blob_Dataset/0/495.jpg,0
716,Blob_Dataset/0/244.jpg,0
483,Blob_Dataset/0/161.jpg,0
1351,Blob_Dataset/1/440.jpg,1
74,Blob_Dataset/0/28.jpg,0
407,Blob_Dataset/2/143.jpg,2
622,Blob_Dataset/2/216.jpg,2
1489,Blob_Dataset/2/490.jpg,2
161,Blob_Dataset/2/64.jpg,2
1219,Blob_Dataset/0/421.jpg,0
1257,Blob_Dataset/2/423.jpg,2
418,Blob_Dataset/2/147.jpg,2
604,Blob_Dataset/1/187.jpg,1
930,Blob_Dataset/2/315.jpg,2
1394,Blob_Dataset/1/458.jpg,1
794,Blob_Dataset/0/273.jpg,0
548,Blob_Dataset/2/192.jpg,2
601,Blob_Dataset/2/210.jpg,2
1111,Blob_Dataset/2/375.jpg,2
646,Blob_Dataset/0/220.jpg,0
370,Blob_Dataset/1/113.jpg,1
1356,Blob_Dataset/1/442.jpg,1
1317,Blob_Dataset/2/444.jpg,2
1433,Blob_Dataset/0/482.jpg,0
1099,Blob_Dataset/0/374.jpg,0
818,Blob_Dataset/2/281.jpg,2
1342,Blob_Dataset/0/454.jpg,0
650,Blob_Dataset/2/225.jpg,2
550,Blob_Dataset/2/193.jpg,2
965,Blob_Dataset/1/308.jpg,1
148,Blob_Dataset/0/46.jpg,0
793,Blob_Dataset/1/245.jpg,1
1252,Blob_Dataset/2/418.jpg,2
366,Blob_Dataset/1/111.jpg,1
826,Blob_Dataset/1/254.jpg,1
1403,Blob_Dataset/2/468.jpg,2
98,Blob_Dataset/1/27.jpg,1
764,Blob_Dataset/0/264.jpg,0
913,Blob_Dataset/1/290.jpg,1
707,Blob_Dataset/0/241.jpg,0
471,Blob_Dataset/2/166.jpg,2
858,Blob_Dataset/1/267.jpg,1
568,Blob_Dataset/0/191.jpg,0
620,Blob_Dataset/0/211.jpg,0
78,Blob_Dataset/0/30.jpg,0
1415,Blob_Dataset/0/475.jpg,0
409,Blob_Dataset/1/126.jpg,1
850,Blob_Dataset/2/290.jpg,2
1164,Blob_Dataset/0/401.jpg,0
181,Blob_Dataset/0/59.jpg,0
338,Blob_Dataset/0/119.jpg,0
737,Blob_Dataset/0/255.jpg,0
179,Blob_Dataset/2/70.jpg,2
1272,Blob_Dataset/0/434.jpg,0
460,Blob_Dataset/1/144.jpg,1
1033,Blob_Dataset/1/331.jpg,1
589,Blob_Dataset/2/207.jpg,2
352,Blob_Dataset/2/123.jpg,2
191,Blob_Dataset/2/74.jpg,2
645,Blob_Dataset/1/201.jpg,1
804,Blob_Dataset/0/277.jpg,0
465,Blob_Dataset/2/163.jpg,2
606,Blob_Dataset/1/188.jpg,1
721,Blob_Dataset/0/246.jpg,0
1118,Blob_Dataset/2/379.jpg,2
1251,Blob_Dataset/2/417.jpg,2
1126,Blob_Dataset/1/361.jpg,1
1444,Blob_Dataset/1/478.jpg,1
292,Blob_Dataset/1/87.jpg,1
898,Blob_Dataset/0/310.jpg,0
1494,Blob_Dataset/2/493.jpg,2
702,Blob_Dataset/2/243.jpg,2
252,Blob_Dataset/0/86.jpg,0
946,Blob_Dataset/1/300.jpg,1
960,Blob_Dataset/1/306.jpg,1
456,Blob_Dataset/1/141.jpg,1
97,Blob_Dataset/1/26.jpg,1
383,Blob_Dataset/2/136.jpg,2
1077,Blob_Dataset/1/344.jpg,1
469,Blob_Dataset/0/156.jpg,0
1179,Blob_Dataset/1/377.jpg,1
1464,Blob_Dataset/2/483.jpg,2
948,Blob_Dataset/1/302.jpg,1
1367,Blob_Dataset/1/447.jpg,1
626,Blob_Dataset/1/196.jpg,1
1497,Blob_Dataset/1/493.jpg,1
636,Blob_Dataset/1/198.jpg,1
215,Blob_Dataset/0/70.jpg,0
302,Blob_Dataset/2/106.jpg,2
1039,Blob_Dataset/2/353.jpg,2
967,Blob_Dataset/0/329.jpg,0
669,Blob_Dataset/1/207.jpg,1
55,Blob_Dataset/0/18.jpg,0
130,Blob_Dataset/0/45.jpg,0
921,Blob_Dataset/2/313.jpg,2
744,Blob_Dataset/1/230.jpg,1
1051,Blob_Dataset/2/358.jpg,2
498,Blob_Dataset/0/170.jpg,0
230,Blob_Dataset/1/66.jpg,1
129,Blob_Dataset/2/50.jpg,2
1224,Blob_Dataset/0/423.jpg,0
246,Blob_Dataset/0/84.jpg,0
715,Blob_Dataset/1/224.jpg,1
750,Blob_Dataset/2/260.jpg,2
741,Blob_Dataset/2/255.jpg,2
1396,Blob_Dataset/2/466.jpg,2
1132,Blob_Dataset/0/384.jpg,0
517,Blob_Dataset/1/159.jpg,1
1319,Blob_Dataset/1/426.jpg,1
1397,Blob_Dataset/0/471.jpg,0
1435,Blob_Dataset/0/484.jpg,0
202,Blob_Dataset/1/60.jpg,1
477,Blob_Dataset/2/168.jpg,2
803,Blob_Dataset/2/276.jpg,2
432,Blob_Dataset/0/146.jpg,0
957,Blob_Dataset/1/305.jpg,1
1379,Blob_Dataset/1/452.jpg,1
861,Blob_Dataset/0/298.jpg,0
724,Blob_Dataset/0/248.jpg,0
209,Blob_Dataset/0/67.jpg,0
1425,Blob_Dataset/0/480.jpg,0
1191,Blob_Dataset/0/407.jpg,0
1375,Blob_Dataset/0/463.jpg,0
821,Blob_Dataset/0/285.jpg,0
272,Blob_Dataset/1/78.jpg,1
713,Blob_Dataset/0/243.jpg,0
1062,Blob_Dataset/0/359.jpg,0
1515,Blob_Dataset/2/498.jpg,2
837,Blob_Dataset/1/260.jpg,1
624,Blob_Dataset/1/195.jpg,1
33,Blob_Dataset/2/11.jpg,2
754,Blob_Dataset/1/233.jpg,1
446,Blob_Dataset/2/158.jpg,2
540,Blob_Dataset/2/188.jpg,2
640,Blob_Dataset/2/221.jpg,2
1369,Blob_Dataset/2/458.jpg,2
822,Blob_Dataset/2/282.jpg,2
806,Blob_Dataset/0/278.jpg,0
1149,Blob_Dataset/2/387.jpg,2
168,Blob_Dataset/0/55.jpg,0
1419,Blob_Dataset/0/477.jpg,0
644,Blob_Dataset/0/219.jpg,0
1418,Blob_Dataset/0/476.jpg,0
458,Blob_Dataset/1/142.jpg,1
1387,Blob_Dataset/0/468.jpg,0
503,Blob_Dataset/1/154.jpg,1
107,Blob_Dataset/1/29.jpg,1
362,Blob_Dataset/1/110.jpg,1
91,Blob_Dataset/1/24.jpg,1
1097,Blob_Dataset/1/352.jpg,1
431,Blob_Dataset/0/145.jpg,0
1015,Blob_Dataset/0/343.jpg,0
514,Blob_Dataset/0/177.jpg,0
777,Blob_Dataset/2/267.jpg,2
748,Blob_Dataset/2/258.jpg,2
1076,Blob_Dataset/2/364.jpg,2
1460,Blob_Dataset/0/492.jpg,0
665,Blob_Dataset/2/231.jpg,2
127,Blob_Dataset/1/33.jpg,1
619,Blob_Dataset/1/193.jpg,1
559,Blob_Dataset/1/175.jpg,1
1003,Blob_Dataset/0/341.jpg,0
21,Blob_Dataset/0/7.jpg,0
1110,Blob_Dataset/2/374.jpg,2
87,Blob_Dataset/1/22.jpg,1
843,Blob_Dataset/2/287.jpg,2
84,Blob_Dataset/0/32.jpg,0
524,Blob_Dataset/2/182.jpg,2
1279,Blob_Dataset/0/436.jpg,0
271,Blob_Dataset/0/96.jpg,0
574,Blob_Dataset/2/201.jpg,2
805,Blob_Dataset/1/250.jpg,1
618,Blob_Dataset/0/210.jpg,0
226,Blob_Dataset/0/77.jpg,0
932,Blob_Dataset/0/319.jpg,0
989,Blob_Dataset/0/337.jpg,0
273,Blob_Dataset/1/79.jpg,1
437,Blob_Dataset/1/134.jpg,1
180,Blob_Dataset/0/58.jpg,0
866,Blob_Dataset/1/269.jpg,1
1112,Blob_Dataset/1/356.jpg,1
301,Blob_Dataset/0/105.jpg,0
518,Blob_Dataset/1/160.jpg,1
936,Blob_Dataset/0/323.jpg,0
1048,Blob_Dataset/1/337.jpg,1
603,Blob_Dataset/2/211.jpg,2
67,Blob_Dataset/0/23.jpg,0
1095,Blob_Dataset/0/372.jpg,0
